{
  "dqn_fovea_motor_separate_pong_lca_0": {
    "fov_size": 30,
    "peripheral_res": null,
    "model_name": "dqn_fovea_motor_separate_pong_lca",
    "num_episodes": 30,
    "episode_rewards": [
      20,
      3,
      20,
      3,
      20,
      3,
      3,
      20,
      3,
      3,
      4,
      1,
      20,
      4,
      20,
      21,
      4,
      4,
      20,
      20,
      20,
      3,
      20,
      3,
      20,
      4,
      20,
      21,
      20,
      21
    ],
    "episode_lengths": [
      2237,
      2788,
      2242,
      2783,
      2240,
      2787,
      2787,
      2241,
      2783,
      2788,
      2778,
      2878,
      2235,
      2779,
      2381,
      2264,
      2780,
      2783,
      2242,
      2381,
      2380,
      2787,
      2238,
      2784,
      2242,
      2779,
      2380,
      1713,
      2237,
      1713
    ],
    "avg_reward": 12.266666666666667,
    "std_reward": 8.488947062046165,
    "min_reward": 1,
    "max_reward": 21,
    "avg_length": 2481.0,
    "num_parameters": 1687174
  },
  "dqn_fovea_motor_separate_pong_1": {
    "fov_size": 30,
    "peripheral_res": 20,
    "model_name": "dqn_fovea_motor_separate_pong",
    "num_episodes": 30,
    "episode_rewards": [
      10,
      10,
      5,
      20,
      20,
      21,
      10,
      5,
      21,
      21,
      10,
      10,
      20,
      10,
      20,
      21,
      21,
      20,
      21,
      20,
      5,
      20,
      21,
      5,
      5,
      5,
      5,
      5,
      21,
      10
    ],
    "episode_lengths": [
      3084,
      3085,
      2963,
      1624,
      1623,
      1595,
      3082,
      2958,
      1597,
      1591,
      3082,
      3087,
      1622,
      3085,
      1625,
      1595,
      1596,
      1626,
      1591,
      1625,
      2964,
      1627,
      1594,
      2964,
      2962,
      2958,
      2962,
      2960,
      1595,
      3082
    ],
    "avg_reward": 13.933333333333334,
    "std_reward": 6.840727706578852,
    "min_reward": 5,
    "max_reward": 21,
    "avg_length": 2313.4666666666667,
    "num_parameters": 1687206
  },
  "dqn_fovea_peripheral_motor_separate_pong_2": {
    "fov_size": 21,
    "peripheral_res": 20,
    "model_name": "dqn_fovea_peripheral_motor_separate_pong",
    "num_episodes": 30,
    "episode_rewards": [
      18,
      10,
      21,
      21,
      21,
      18,
      20,
      21,
      21,
      21,
      21,
      20,
      10,
      20,
      21,
      10,
      21,
      21,
      21,
      21,
      21,
      18,
      21,
      20,
      21,
      21,
      21,
      10,
      21,
      21
    ],
    "episode_lengths": [
      1890,
      2412,
      1667,
      1669,
      1671,
      1883,
      1782,
      1670,
      1669,
      1671,
      1664,
      1780,
      2413,
      1778,
      1665,
      2415,
      1666,
      1669,
      1665,
      1670,
      1673,
      1885,
      1670,
      1779,
      1671,
      1670,
      1665,
      2416,
      1665,
      1671
    ],
    "avg_reward": 19.1,
    "std_reward": 3.6819378955472173,
    "min_reward": 10,
    "max_reward": 21,
    "avg_length": 1804.4666666666667,
    "num_parameters": 1687206
  },
  "dqn_fovea_peripheral_pong_3": {
    "fov_size": 21,
    "peripheral_res": 30,
    "model_name": "dqn_fovea_peripheral_pong",
    "num_episodes": 30,
    "episode_rewards": [
      20,
      20,
      20,
      20,
      20,
      21,
      21,
      21,
      21,
      20,
      21,
      20,
      20,
      21,
      21,
      20,
      20,
      21,
      20,
      21,
      21,
      21,
      21,
      21,
      20,
      20,
      20,
      21,
      20,
      20
    ],
    "episode_lengths": [
      1686,
      1687,
      1686,
      1684,
      1683,
      1633,
      1635,
      1633,
      1633,
      1688,
      1631,
      1687,
      1684,
      1629,
      1631,
      1684,
      1689,
      1631,
      1684,
      1635,
      1632,
      1630,
      1634,
      1635,
      1686,
      1686,
      1687,
      1629,
      1684,
      1684
    ],
    "avg_reward": 20.466666666666665,
    "std_reward": 0.49888765156985887,
    "min_reward": 20,
    "max_reward": 21,
    "avg_length": 1660.6666666666667,
    "num_parameters": 1695414
  },
  "dqn_fovea_pong_4": {
    "fov_size": 50,
    "peripheral_res": null,
    "model_name": "dqn_fovea_pong",
    "num_episodes": 30,
    "episode_rewards": [
      20,
      20,
      20,
      19,
      19,
      19,
      19,
      20,
      20,
      19,
      20,
      20,
      19,
      19,
      19,
      19,
      19,
      20,
      19,
      19,
      19,
      19,
      19,
      19,
      20,
      19,
      19,
      20,
      19,
      19
    ],
    "episode_lengths": [
      1668,
      1671,
      1667,
      1765,
      1761,
      1766,
      1766,
      1672,
      1671,
      1761,
      1672,
      1666,
      1765,
      1769,
      1770,
      1767,
      1766,
      1665,
      1763,
      1765,
      1762,
      1765,
      1766,
      1767,
      1669,
      1769,
      1765,
      1665,
      1767,
      1764
    ],
    "avg_reward": 19.333333333333332,
    "std_reward": 0.4714045207910318,
    "min_reward": 19,
    "max_reward": 20,
    "avg_length": 1733.1666666666667,
    "num_parameters": 1695414
  },
  "dqn_fovea_peripheral_pong_5": {
    "fov_size": 30,
    "peripheral_res": 20,
    "model_name": "dqn_fovea_peripheral_pong",
    "num_episodes": 30,
    "episode_rewards": [
      21,
      21,
      21,
      21,
      21,
      21,
      21,
      21,
      21,
      21,
      21,
      21,
      21,
      21,
      21,
      21,
      21,
      21,
      21,
      21,
      21,
      21,
      21,
      21,
      21,
      21,
      21,
      21,
      21,
      21
    ],
    "episode_lengths": [
      1635,
      1634,
      1635,
      1630,
      1626,
      1663,
      1663,
      1634,
      1626,
      1692,
      1664,
      1629,
      1692,
      1633,
      1629,
      1630,
      1635,
      1632,
      1628,
      1696,
      1630,
      1667,
      1625,
      1631,
      1635,
      1631,
      1666,
      1661,
      1662,
      1664
    ],
    "avg_reward": 21.0,
    "std_reward": 0.0,
    "min_reward": 21,
    "max_reward": 21,
    "avg_length": 1645.9333333333334,
    "num_parameters": 1695414
  },
  "dqn_fovea_peripheral_pong_6": {
    "fov_size": 50,
    "peripheral_res": 20,
    "model_name": "dqn_fovea_peripheral_pong",
    "num_episodes": 30,
    "episode_rewards": [
      20,
      21,
      21,
      21,
      20,
      21,
      21,
      21,
      21,
      20,
      21,
      21,
      20,
      20,
      21,
      21,
      21,
      21,
      21,
      21,
      21,
      21,
      20,
      21,
      21,
      21,
      21,
      21,
      20,
      21
    ],
    "episode_lengths": [
      1715,
      1641,
      1639,
      1639,
      1715,
      1638,
      1638,
      1640,
      1634,
      1713,
      1642,
      1633,
      1714,
      1719,
      1633,
      1635,
      1634,
      1636,
      1640,
      1636,
      1637,
      1639,
      1719,
      1636,
      1635,
      1637,
      1638,
      1642,
      1714,
      1635
    ],
    "avg_reward": 20.766666666666666,
    "std_reward": 0.4229525846816507,
    "min_reward": 20,
    "max_reward": 21,
    "avg_length": 1655.5333333333333,
    "num_parameters": 1695414
  },
  "dqn_fovea_pong_7": {
    "fov_size": 30,
    "peripheral_res": null,
    "model_name": "dqn_fovea_pong",
    "num_episodes": 30,
    "episode_rewards": [
      -21,
      -21,
      -21,
      -21,
      -21,
      -21,
      -21,
      -21,
      -21,
      -21,
      -21,
      -21,
      -21,
      -21,
      -21,
      -21,
      -21,
      -21,
      -21,
      -21,
      -21,
      -21,
      -21,
      -21,
      -21,
      -21,
      -21,
      -19,
      -21,
      -21
    ],